[{"model": "exam.level", "pk": "advanced", "fields": {}}, {"model": "exam.level", "pk": "basic", "fields": {}}, {"model": "exam.level", "pk": "expert", "fields": {}}, {"model": "exam.question", "pk": 1, "fields": {"level": "expert"}}, {"model": "exam.question", "pk": 2, "fields": {"level": "expert"}}, {"model": "exam.question", "pk": 3, "fields": {"level": "expert"}}, {"model": "exam.question", "pk": 4, "fields": {"level": "expert"}}, {"model": "exam.question", "pk": 5, "fields": {"level": "expert"}}, {"model": "exam.question", "pk": 6, "fields": {"level": "advanced"}}, {"model": "exam.question", "pk": 7, "fields": {"level": "advanced"}}, {"model": "exam.question", "pk": 8, "fields": {"level": "advanced"}}, {"model": "exam.question", "pk": 9, "fields": {"level": "advanced"}}, {"model": "exam.question", "pk": 10, "fields": {"level": "advanced"}}, {"model": "exam.question", "pk": 11, "fields": {"level": "basic"}}, {"model": "exam.question", "pk": 12, "fields": {"level": "basic"}}, {"model": "exam.question", "pk": 13, "fields": {"level": "basic"}}, {"model": "exam.question", "pk": 14, "fields": {"level": "basic"}}, {"model": "exam.question", "pk": 15, "fields": {"level": "basic"}}, {"model": "exam.question", "pk": 16, "fields": {"level": "basic"}}, {"model": "exam.question", "pk": 17, "fields": {"level": "basic"}}, {"model": "exam.question", "pk": 18, "fields": {"level": "basic"}}, {"model": "exam.question", "pk": 19, "fields": {"level": "basic"}}, {"model": "exam.question", "pk": 20, "fields": {"level": "basic"}}, {"model": "exam.questiontext", "pk": 1, "fields": {"lang": "fr", "text": "Qu'est-ce qu'une attaque par injection SQL et comment s'en protéger ?", "explanation": "L'injection SQL est une vulnérabilité courante des applications web qui permet aux attaquants d'interagir avec la base de données de manière non autorisée. En insérant du code SQL malveillant dans les champs de saisie, les pirates peuvent accéder, modifier ou supprimer des données sensibles de la base de données. Pour se protéger contre cette menace, il est important de valider et de filtrer toutes les entrées de l'utilisateur pour éviter l'exécution de code SQL non désiré. L'utilisation de requêtes préparées (paramétrées) permet également de séparer les données des instructions SQL, rendant l'injection SQL inefficace.", "tips": "", "question": 1}}, {"model": "exam.questiontext", "pk": 2, "fields": {"lang": "en", "text": "What is an SQL injection attack and how to protect against it?", "explanation": "SQL injection is a common vulnerability in web applications that allows attackers to interact with the database in an unauthorized way. By inserting malicious SQL code into input fields, hackers can access, modify, or delete sensitive data from the database. To protect against this threat, it is crucial to validate and filter all user inputs to prevent the execution of unwanted SQL code. Using prepared (parameterized) statements also helps separate data from SQL instructions, making SQL injection ineffective.", "tips": "", "question": 1}}, {"model": "exam.questiontext", "pk": 3, "fields": {"lang": "fr", "text": "Qu'est-ce qu'une attaque par déni de service distribué (DDoS) et comment s'en prémunir ?", "explanation": "Une attaque par déni de service distribué (DDoS) vise à submerger un serveur ou un réseau avec une quantité massive de trafic, rendant ainsi le service inaccessible aux utilisateurs légitimes. Ces attaques sont généralement menées à l'aide d'un botnet, qui est un réseau de machines compromises contrôlées par les attaquants. Pour se protéger contre les attaques DDoS, il est essentiel de disposer d'une infrastructure réseau résiliente, capable de gérer des volumes élevés de trafic. Les pare-feu et les services anti-DDoS sont conçus pour détecter les schémas de trafic malveillant et filtrer le trafic non désiré.", "tips": "", "question": 2}}, {"model": "exam.questiontext", "pk": 4, "fields": {"lang": "en", "text": "What is a Distributed Denial of Service (DDoS) attack and how to protect against it?", "explanation": "A Distributed Denial of Service (DDoS) attack aims to overwhelm a server or network with a massive amount of traffic, thereby making the service inaccessible to legitimate users. These attacks are typically carried out using a botnet, which is a network of compromised machines controlled by the attackers. To protect against DDoS attacks, it is crucial to have a resilient network infrastructure capable of handling high volumes of traffic. Firewalls and anti-DDoS services are designed to detect malicious traffic patterns and filter unwanted traffic.", "tips": "", "question": 2}}, {"model": "exam.questiontext", "pk": 5, "fields": {"lang": "fr", "text": "Qu'est-ce qu'une attaque d'exécution de code à distance (RCE) et comment la prévenir ?", "explanation": "Une attaque d'exécution de code à distance (RCE) est l'une des vulnérabilités les plus graves car elle permet à un attaquant de prendre le contrôle total d'un système. Les attaques RCE sont souvent le résultat de logiciels malveillants, de failles de sécurité ou de défauts de programmation qui permettent aux attaquants d'injecter et d'exécuter du code à distance. Pour se protéger contre ces attaques, il est essentiel de maintenir à jour tous les logiciels et systèmes d'exploitation pour combler les failles de sécurité connues. Limiter les privilèges d'accès réduit également les risques d'une exploitation réussie.", "tips": "", "question": 3}}, {"model": "exam.questiontext", "pk": 6, "fields": {"lang": "en", "text": "What is a Remote Code Execution (RCE) attack and how to prevent it?", "explanation": "A Remote Code Execution (RCE) attack is one of the most severe vulnerabilities as it allows an attacker to gain full control of a system. RCE attacks are often the result of malware, security flaws, or programming defects that enable attackers to inject and execute code remotely. To protect against these attacks, it is crucial to keep all software and operating systems up to date to patch known security vulnerabilities. Limiting access privileges also reduces the risks of a successful exploitation.", "tips": "", "question": 3}}, {"model": "exam.questiontext", "pk": 7, "fields": {"lang": "fr", "text": "Qu'est-ce qu'une attaque de type homme du milieu (MITM) et comment l'empêcher ?", "explanation": "Une attaque de type homme du milieu (MITM) se produit lorsque l'attaquant intercepte la communication entre deux parties légitimes et se fait passer pour l'une d'entre elles. Cela permet à l'attaquant de lire, modifier ou bloquer les messages échangés entre les parties sans qu'elles s'en rendent compte. Les attaques MITM sont souvent lancées sur des réseaux Wi-Fi publics non sécurisés ou en exploitant des vulnérabilités dans les protocoles de communication. Pour se prémunir contre ces attaques, il est essentiel d'utiliser des protocoles de communication chiffrés, de vérifier l'authenticité des sites web à l'aide de certificats numériques, et d'éviter de se connecter à des réseaux Wi-Fi non sécurisés.", "tips": "", "question": 4}}, {"model": "exam.questiontext", "pk": 8, "fields": {"lang": "en", "text": "What is a Man-in-the-Middle (MITM) attack and how to prevent it?", "explanation": "A Man-in-the-Middle (MITM) attack occurs when the attacker intercepts communication between two legitimate parties and impersonates one of them. This allows the attacker to read, modify, or block messages exchanged between the parties without their knowledge. MITM attacks are often launched on unsecured public Wi-Fi networks or by exploiting vulnerabilities in communication protocols. To prevent these attacks, it is essential to use encrypted communication protocols, verify the authenticity of websites using digital certificates, and avoid connecting to unsecured Wi-Fi networks.", "tips": "", "question": 4}}, {"model": "exam.questiontext", "pk": 9, "fields": {"lang": "fr", "text": "Qu'est-ce qu'une attaque de force brute et comment la contrer ?", "explanation": "Une attaque de force brute consiste à essayer toutes les combinaisons possibles de mots de passe jusqu'à ce que le mot de passe correct soit trouvé. Les attaquants utilisent souvent des programmes automatisés pour générer rapidement des milliers, voire des millions, de combinaisons de mots de passe. Pour contrer cette attaque, il est essentiel d'encourager les utilisateurs à choisir des mots de passe forts, c'est-à-dire longs, complexes et comprenant des caractères variés (lettres majuscules et minuscules, chiffres et symboles). De plus, mettre en place un mécanisme de verrouillage du compte après un nombre limité de tentatives infructueuses peut décourager les attaquants. L'authentification à deux facteurs (2FA) renforce également la sécurité en ajoutant une couche supplémentaire de protection.", "tips": "", "question": 5}}, {"model": "exam.questiontext", "pk": 10, "fields": {"lang": "en", "text": "What is a brute-force attack and how to counter it?", "explanation": "A brute-force attack involves trying all possible combinations of passwords until the correct password is found. Attackers often use automated programs to quickly generate thousands or even millions of password combinations. To counter this attack, it is essential to encourage users to choose strong passwords, meaning passwords that are long, complex, and include various character types (uppercase and lowercase letters, numbers, and symbols). Additionally, implementing an account lockout mechanism after a limited number of unsuccessful attempts can deter attackers. Two-Factor Authentication (2FA) also enhances security by adding an additional layer of protection.", "tips": "", "question": 5}}, {"model": "exam.questiontext", "pk": 11, "fields": {"lang": "fr", "text": "Qu'est-ce qu'une attaque par hameçonnage (phishing) ciblé ?", "explanation": "Une attaque par hameçonnage ciblé est une variante du phishing qui vise des individus ou des organisations spécifiques. Les attaquants effectuent des recherches approfondies sur leurs cibles pour personnaliser les messages de phishing et les rendre plus convaincants. Ils peuvent utiliser des informations réelles, telles que des noms, des titres de poste ou des affiliations, pour inciter les victimes à divulguer des informations sensibles, telles que des mots de passe ou des identifiants financiers. Une vigilance accrue et une formation en matière de sécurité sont essentielles pour se protéger contre les attaques par hameçonnage ciblé.", "tips": "", "question": 6}}, {"model": "exam.questiontext", "pk": 12, "fields": {"lang": "en", "text": "What is a targeted phishing attack?", "explanation": "A targeted phishing attack is a variant of phishing that targets specific individuals or organizations. Attackers conduct in-depth research on their targets to customize phishing messages and make them more convincing. They may use real information, such as names, job titles, or affiliations, to entice victims into divulging sensitive information, such as passwords or financial credentials. Increased vigilance and security training are essential to protect against targeted phishing attacks.", "tips": "", "question": 6}}, {"model": "exam.questiontext", "pk": 13, "fields": {"lang": "fr", "text": "Qu'est-ce qu'un logiciel espion (spyware) et comment s'en protéger ?", "explanation": "Le logiciel espion (spyware) est un type de logiciel malveillant conçu pour surveiller discrètement les activités de l'utilisateur et transmettre ces informations à des tiers, généralement à des fins publicitaires ou pour voler des données personnelles. Pour se protéger contre le spyware, il est essentiel d'utiliser un logiciel de sécurité fiable qui peut détecter et supprimer les programmes espions. De plus, évitez de télécharger des logiciels depuis des sources non fiables, car les logiciels espions peuvent être dissimulés dans des applications illégitimes.", "tips": "", "question": 7}}, {"model": "exam.questiontext", "pk": 14, "fields": {"lang": "en", "text": "What is spyware and how to protect against it?", "explanation": "Spyware is a type of malicious software designed to discreetly monitor the user's activities and transmit this information to third parties, usually for advertising purposes or to steal personal data. To protect against spyware, it is essential to use reliable security software that can detect and remove spyware programs. Additionally, avoid downloading software from unreliable sources, as spyware can be hidden in illegitimate applications.", "tips": "", "question": 7}}, {"model": "exam.questiontext", "pk": 15, "fields": {"lang": "fr", "text": "Qu'est-ce qu'une clé de sécurité physique et comment fonctionne-t-elle ?", "explanation": "Une clé de sécurité physique est un moyen sûr d'améliorer l'authentification à deux facteurs (2FA). Lorsqu'elle est activée, l'utilisateur doit insérer ou tapoter la clé physique pour valider son identité après avoir entré son mot de passe. La clé génère ensuite un code unique qui est utilisé pour compléter le processus d'authentification. Étant donné que la clé de sécurité physique n'est pas connectée à Internet et ne transmet pas de données, elle est extrêmement résistante aux attaques en ligne, telles que le phishing ou le vol de mot de passe.", "tips": "", "question": 8}}, {"model": "exam.questiontext", "pk": 16, "fields": {"lang": "en", "text": "What is a physical security key and how does it work?", "explanation": "A physical security key is a secure way to enhance Two-Factor Authentication (2FA). When enabled, the user needs to insert or tap the physical key to validate their identity after entering their password. The key then generates a unique code that is used to complete the authentication process. Since the physical security key is not connected to the internet and does not transmit data, it is extremely resistant to online attacks, such as phishing or password theft.", "tips": "", "question": 8}}, {"model": "exam.questiontext", "pk": 17, "fields": {"lang": "fr", "text": "Qu'est-ce qu'un réseau privé virtuel (VPN) et pourquoi l'utiliser ?", "explanation": "Un réseau privé virtuel (VPN) est un service qui crée un tunnel crypté entre votre appareil et un serveur distant. Cela garantit que toutes vos données transitent de manière sécurisée, ce qui empêche les pirates et les fournisseurs de services Internet d'intercepter vos informations. De plus, le VPN masque votre adresse IP réelle en vous attribuant une adresse IP anonyme, ce qui renforce votre anonymat en ligne. Il est conseillé d'utiliser un VPN lorsque vous vous connectez à des réseaux publics, tels que les Wi-Fi gratuits dans les cafés ou les aéroports, pour éviter les risques d'interception de données sensibles.", "tips": "", "question": 9}}, {"model": "exam.questiontext", "pk": 18, "fields": {"lang": "en", "text": "What is a Virtual Private Network (VPN) and why use it?", "explanation": "A Virtual Private Network (VPN) is a service that creates an encrypted tunnel between your device and a remote server. This ensures that all your data is transmitted securely, preventing hackers and internet service providers from intercepting your information. Additionally, the VPN masks your real IP address by assigning you an anonymous IP, enhancing your online anonymity. It is recommended to use a VPN when connecting to public networks, such as free Wi-Fi in cafes or airports, to avoid risks of sensitive data interception.", "tips": "", "question": 9}}, {"model": "exam.questiontext", "pk": 19, "fields": {"lang": "fr", "text": "Qu'est-ce qu'une attaque d'ingénierie sociale et comment s'en prémunir ?", "explanation": "Une attaque d'ingénierie sociale exploite les faiblesses humaines plutôt que les vulnérabilités techniques. Les attaquants utilisent des tactiques de manipulation psychologique pour inciter les individus à divulguer des mots de passe, des informations financières ou à ouvrir des pièces jointes malveillantes. Pour se protéger contre ce type d'attaque, il est important d'être méfiant face aux demandes inattendues d'informations confidentielles et de suivre des procédures de sécurité strictes. Les employés doivent être régulièrement formés pour reconnaître et signaler les tentatives d'ingénierie sociale.", "tips": "", "question": 10}}, {"model": "exam.questiontext", "pk": 20, "fields": {"lang": "en", "text": "What is a social engineering attack and how to protect against it?", "explanation": "A social engineering attack exploits human weaknesses rather than technical vulnerabilities. Attackers use tactics of psychological manipulation to induce individuals to disclose passwords, financial information, or open malicious attachments. To protect against this type of attack, it is essential to be wary of unexpected requests for confidential information and to follow strict security procedures. Employees should be regularly trained to recognize and report social engineering attempts.", "tips": "", "question": 10}}, {"model": "exam.questiontext", "pk": 21, "fields": {"lang": "fr", "text": "Qu'est-ce que le streaming vidéo et comment cela fonctionne-t-il ?", "explanation": "Le streaming vidéo est un moyen populaire de regarder des vidéos en ligne sans avoir à les télécharger complètement sur votre appareil. Lorsque vous regardez une vidéo en streaming, le contenu est envoyé en petits paquets de données depuis le serveur qui l'héberge vers votre appareil (ordinateur, smartphone, tablette). Votre appareil affiche ensuite ces données à mesure qu'elles arrivent, ce qui vous permet de regarder la vidéo en temps réel. Cela signifie que vous n'avez pas besoin de stocker la vidéo localement sur votre appareil, ce qui économise de l'espace de stockage. Le streaming vidéo est largement utilisé par les services de streaming en ligne tels que Netflix, YouTube et Amazon Prime Video.", "tips": "", "question": 11}}, {"model": "exam.questiontext", "pk": 22, "fields": {"lang": "en", "text": "What is video streaming and how does it work?", "explanation": "Video streaming is a popular way to watch videos online without having to fully download them to your device. When you watch a video via streaming, the content is sent in small data packets from the server hosting it to your device (computer, smartphone, tablet). Your device then displays this data as it arrives, allowing you to watch the video in real-time. This means you don't need to store the video locally on your device, saving storage space. Video streaming is widely used by online streaming services like Netflix, YouTube, and Amazon Prime Video.", "tips": "", "question": 11}}, {"model": "exam.questiontext", "pk": 23, "fields": {"lang": "fr", "text": "Qu'est-ce qu'un virus informatique ?", "explanation": "Un virus informatique est un type de logiciel malveillant qui peut être transmis via des fichiers infectés ou des liens malveillants. Une fois qu'il infecte un ordinateur, il peut causer divers problèmes, tels que la corruption de données, le ralentissement du système ou l'accès non autorisé à des informations sensibles.", "tips": "", "question": 12}}, {"model": "exam.questiontext", "pk": 24, "fields": {"lang": "en", "text": "What is a computer virus?", "explanation": "A computer virus is a type of malicious software that can be transmitted through infected files or malicious links. Once it infects a computer, it can cause various issues, such as data corruption, system slowdown, or unauthorized access to sensitive information.", "tips": "", "question": 12}}, {"model": "exam.questiontext", "pk": 25, "fields": {"lang": "fr", "text": "Qu'est-ce qu'une sauvegarde (backup) ?", "explanation": "Une sauvegarde (backup) est essentielle pour protéger vos données importantes en cas de panne matérielle, d'attaque de logiciels malveillants ou d'erreur humaine. En créant régulièrement des sauvegardes de vos fichiers, vous pouvez récupérer vos données en cas de problème, ce qui vous évite de les perdre définitivement.", "tips": "", "question": 13}}, {"model": "exam.questiontext", "pk": 26, "fields": {"lang": "en", "text": "What is a backup?", "explanation": "A backup is crucial to protect your important data in case of hardware failure, malware attack, or human error. By regularly creating backups of your files, you can recover your data in case of issues, preventing permanent loss.", "tips": "", "question": 13}}, {"model": "exam.questiontext", "pk": 27, "fields": {"lang": "fr", "text": "Qu'est-ce qu'un logiciel malveillant (malware) ?", "explanation": "Les logiciels malveillants (malware) sont des programmes conçus pour nuire à votre ordinateur ou voler vos informations personnelles. Ils peuvent être distribués via des sites web infectés, des e-mails de phishing ou des périphériques infectés. Utiliser un antivirus et des logiciels de sécurité est essentiel pour protéger votre système contre les logiciels malveillants.", "tips": "", "question": 14}}, {"model": "exam.questiontext", "pk": 28, "fields": {"lang": "en", "text": "What is malware?", "explanation": "Malware refers to computer programs designed to harm your computer or steal your personal information. They can be distributed through infected websites, phishing emails, or infected devices. Using antivirus and security software is essential to protect your system from malware.", "tips": "", "question": 14}}, {"model": "exam.questiontext", "pk": 29, "fields": {"lang": "fr", "text": "Comment sécuriser un mot de passe ?", "explanation": "Pour sécuriser un mot de passe, il est important d'utiliser une combinaison de caractères complexes qui rendent le mot de passe difficile à deviner pour les autres. Évitez d'utiliser des informations personnelles évidentes qui pourraient être facilement associées à vous. De plus, n'écrivez pas votre mot de passe sur des supports physiques qui pourraient être accessibles à d'autres personnes.", "tips": "", "question": 15}}, {"model": "exam.questiontext", "pk": 30, "fields": {"lang": "en", "text": "How to secure a password?", "explanation": "To secure a password, it's important to use a combination of complex characters that make the password difficult for others to guess. Avoid using obvious personal information that could be easily associated with you. Also, do not write your password on physical mediums that could be accessed by others.", "tips": "", "question": 15}}, {"model": "exam.questiontext", "pk": 31, "fields": {"lang": "fr", "text": "Comment protéger votre ordinateur contre les logiciels malveillants ?", "explanation": "Pour protéger votre ordinateur contre les logiciels malveillants, il est essentiel d'installer un antivirus et un logiciel de sécurité fiables. Ces programmes peuvent détecter et bloquer les menaces potentielles. Assurez-vous également de maintenir votre système d'exploitation et vos applications à jour, car les mises à jour de sécurité corrigent souvent des vulnérabilités connues.", "tips": "", "question": 16}}, {"model": "exam.questiontext", "pk": 32, "fields": {"lang": "en", "text": "How to protect your computer from malware?", "explanation": "To protect your computer from malware, it is essential to install reliable antivirus and security software. These programs can detect and block potential threats. Also, make sure to keep your operating system and applications up to date, as security updates often fix known vulnerabilities.", "tips": "", "question": 16}}, {"model": "exam.questiontext", "pk": 33, "fields": {"lang": "fr", "text": "Pourquoi est-il important de ne pas télécharger des logiciels depuis des sources non fiables ?", "explanation": "Télécharger des logiciels depuis des sources non fiables expose votre ordinateur à un risque élevé d'infection par des logiciels malveillants. Les logiciels provenant de sources inconnues peuvent être altérés pour inclure des logiciels malveillants qui endommageront votre système ou voleront vos données. Il est donc préférable de télécharger des logiciels à partir de sources réputées et vérifiées.", "tips": "", "question": 17}}, {"model": "exam.questiontext", "pk": 34, "fields": {"lang": "en", "text": "Why is it important not to download software from unreliable sources?", "explanation": "Downloading software from unreliable sources exposes your computer to a high risk of malware infection. Software from unknown sources may be altered to include malicious software that will harm your system or steal your data. Therefore, it is best to download software from reputable and verified sources.", "tips": "", "question": 17}}, {"model": "exam.questiontext", "pk": 35, "fields": {"lang": "fr", "text": "Pourquoi est-il important de mettre à jour votre système d'exploitation et vos applications régulièrement ?", "explanation": "Mettre à jour régulièrement votre système d'exploitation et vos applications est essentiel pour corriger les failles de sécurité connues. Les développeurs publient fréquemment des mises à jour qui corrigent les vulnérabilités identifiées. En maintenant votre système et vos applications à jour, vous réduisez les risques d'exploitation de ces vulnérabilités par des attaquants.", "tips": "", "question": 18}}, {"model": "exam.questiontext", "pk": 36, "fields": {"lang": "en", "text": "Why is it important to regularly update your operating system and applications?", "explanation": "Regularly updating your operating system and applications is essential to fix known security vulnerabilities. Developers frequently release updates that address identified vulnerabilities. By keeping your system and applications up to date, you reduce the risk of these vulnerabilities being exploited by attackers.", "tips": "", "question": 18}}, {"model": "exam.questiontext", "pk": 37, "fields": {"lang": "fr", "text": "Qu'est-ce qu'un pare-feu (firewall) ?", "explanation": "Un pare-feu (firewall) est une mesure de sécurité importante qui surveille le trafic réseau et filtre les données pour empêcher l'accès non autorisé à votre système. Il protège votre ordinateur des tentatives d'intrusion et empêche les logiciels malveillants d'envoyer des informations sensibles vers l'extérieur. Un pare-feu joue un rôle essentiel dans la protection de votre ordinateur lorsque vous êtes connecté à Internet.", "tips": "", "question": 19}}, {"model": "exam.questiontext", "pk": 38, "fields": {"lang": "en", "text": "What is a firewall?", "explanation": "A firewall is an important security measure that monitors network traffic and filters data to prevent unauthorized access to your system. It protects your computer from intrusion attempts and prevents malware from sending sensitive information outwards. A firewall plays a crucial role in protecting your computer when you are connected to the Internet.", "tips": "", "question": 19}}, {"model": "exam.questiontext", "pk": 39, "fields": {"lang": "fr", "text": "Qu'est-ce qu'une attaque de phishing ?", "explanation": "Une attaque de phishing est une méthode courante utilisée par les cybercriminels pour piéger les utilisateurs et obtenir leurs informations personnelles ou financières. Cela se fait généralement via des e-mails ou des sites web frauduleux qui ressemblent à des sites légitimes. Il est essentiel de rester vigilant et de ne jamais cliquer sur des liens suspects ou fournir d'informations sensibles à moins d'être certain de la légitimité de la source.", "tips": "", "question": 20}}, {"model": "exam.questiontext", "pk": 40, "fields": {"lang": "en", "text": "What is a phishing attack?", "explanation": "A phishing attack is a common method used by cybercriminals to trick users and obtain their personal or financial information. This is typically done through fraudulent emails or websites that look like legitimate sites. It is essential to remain vigilant and never click on suspicious links or provide sensitive information unless certain of the legitimacy of the source.", "tips": "", "question": 20}}, {"model": "exam.answer", "pk": 1, "fields": {"question": 1, "point": 2, "count": 0}}, {"model": "exam.answer", "pk": 2, "fields": {"question": 1, "point": 0, "count": 0}}, {"model": "exam.answer", "pk": 3, "fields": {"question": 1, "point": 0, "count": 0}}, {"model": "exam.answer", "pk": 4, "fields": {"question": 2, "point": 2, "count": 0}}, {"model": "exam.answer", "pk": 5, "fields": {"question": 2, "point": 0, "count": 0}}, {"model": "exam.answer", "pk": 6, "fields": {"question": 2, "point": 0, "count": 0}}, {"model": "exam.answer", "pk": 7, "fields": {"question": 3, "point": 2, "count": 0}}, {"model": "exam.answer", "pk": 8, "fields": {"question": 3, "point": 0, "count": 0}}, {"model": "exam.answer", "pk": 9, "fields": {"question": 3, "point": 0, "count": 0}}, {"model": "exam.answer", "pk": 10, "fields": {"question": 4, "point": 2, "count": 0}}, {"model": "exam.answer", "pk": 11, "fields": {"question": 4, "point": 0, "count": 0}}, {"model": "exam.answer", "pk": 12, "fields": {"question": 4, "point": 0, "count": 0}}, {"model": "exam.answer", "pk": 13, "fields": {"question": 5, "point": 2, "count": 0}}, {"model": "exam.answer", "pk": 14, "fields": {"question": 5, "point": 0, "count": 0}}, {"model": "exam.answer", "pk": 15, "fields": {"question": 5, "point": 0, "count": 0}}, {"model": "exam.answer", "pk": 16, "fields": {"question": 6, "point": 2, "count": 0}}, {"model": "exam.answer", "pk": 17, "fields": {"question": 6, "point": 0, "count": 0}}, {"model": "exam.answer", "pk": 18, "fields": {"question": 6, "point": 0, "count": 0}}, {"model": "exam.answer", "pk": 19, "fields": {"question": 7, "point": 2, "count": 0}}, {"model": "exam.answer", "pk": 20, "fields": {"question": 7, "point": 0, "count": 0}}, {"model": "exam.answer", "pk": 21, "fields": {"question": 7, "point": 0, "count": 0}}, {"model": "exam.answer", "pk": 22, "fields": {"question": 8, "point": 2, "count": 0}}, {"model": "exam.answer", "pk": 23, "fields": {"question": 8, "point": 0, "count": 0}}, {"model": "exam.answer", "pk": 24, "fields": {"question": 8, "point": 0, "count": 0}}, {"model": "exam.answer", "pk": 25, "fields": {"question": 9, "point": 2, "count": 0}}, {"model": "exam.answer", "pk": 26, "fields": {"question": 9, "point": 0, "count": 0}}, {"model": "exam.answer", "pk": 27, "fields": {"question": 9, "point": 0, "count": 0}}, {"model": "exam.answer", "pk": 28, "fields": {"question": 10, "point": 2, "count": 0}}, {"model": "exam.answer", "pk": 29, "fields": {"question": 10, "point": 0, "count": 0}}, {"model": "exam.answer", "pk": 30, "fields": {"question": 10, "point": 0, "count": 0}}, {"model": "exam.answer", "pk": 31, "fields": {"question": 11, "point": 2, "count": 0}}, {"model": "exam.answer", "pk": 32, "fields": {"question": 11, "point": 0, "count": 0}}, {"model": "exam.answer", "pk": 33, "fields": {"question": 11, "point": 0, "count": 0}}, {"model": "exam.answer", "pk": 34, "fields": {"question": 12, "point": 2, "count": 0}}, {"model": "exam.answer", "pk": 35, "fields": {"question": 12, "point": 0, "count": 0}}, {"model": "exam.answer", "pk": 36, "fields": {"question": 12, "point": 0, "count": 0}}, {"model": "exam.answer", "pk": 37, "fields": {"question": 13, "point": 2, "count": 0}}, {"model": "exam.answer", "pk": 38, "fields": {"question": 13, "point": 0, "count": 0}}, {"model": "exam.answer", "pk": 39, "fields": {"question": 13, "point": 0, "count": 0}}, {"model": "exam.answer", "pk": 40, "fields": {"question": 14, "point": 2, "count": 0}}, {"model": "exam.answer", "pk": 41, "fields": {"question": 14, "point": 0, "count": 0}}, {"model": "exam.answer", "pk": 42, "fields": {"question": 14, "point": 0, "count": 0}}, {"model": "exam.answer", "pk": 43, "fields": {"question": 15, "point": 2, "count": 0}}, {"model": "exam.answer", "pk": 44, "fields": {"question": 15, "point": 0, "count": 0}}, {"model": "exam.answer", "pk": 45, "fields": {"question": 15, "point": 0, "count": 0}}, {"model": "exam.answer", "pk": 46, "fields": {"question": 16, "point": 2, "count": 0}}, {"model": "exam.answer", "pk": 47, "fields": {"question": 16, "point": 0, "count": 0}}, {"model": "exam.answer", "pk": 48, "fields": {"question": 16, "point": 0, "count": 0}}, {"model": "exam.answer", "pk": 49, "fields": {"question": 17, "point": 2, "count": 0}}, {"model": "exam.answer", "pk": 50, "fields": {"question": 17, "point": 0, "count": 0}}, {"model": "exam.answer", "pk": 51, "fields": {"question": 17, "point": 0, "count": 0}}, {"model": "exam.answer", "pk": 52, "fields": {"question": 18, "point": 2, "count": 0}}, {"model": "exam.answer", "pk": 53, "fields": {"question": 18, "point": 0, "count": 0}}, {"model": "exam.answer", "pk": 54, "fields": {"question": 18, "point": 0, "count": 0}}, {"model": "exam.answer", "pk": 55, "fields": {"question": 19, "point": 2, "count": 0}}, {"model": "exam.answer", "pk": 56, "fields": {"question": 19, "point": 0, "count": 0}}, {"model": "exam.answer", "pk": 57, "fields": {"question": 19, "point": 0, "count": 0}}, {"model": "exam.answer", "pk": 58, "fields": {"question": 20, "point": 2, "count": 0}}, {"model": "exam.answer", "pk": 59, "fields": {"question": 20, "point": 0, "count": 0}}, {"model": "exam.answer", "pk": 60, "fields": {"question": 20, "point": 0, "count": 0}}, {"model": "exam.answertext", "pk": 1, "fields": {"answer": 1, "lang": "fr", "text": "Une attaque par injection SQL est une technique utilisée par les pirates pour insérer du code SQL malveillant dans une requête afin de manipuler la base de données. Pour se protéger contre les attaques par injection SQL, il est essentiel de valider et de filtrer les entrées de l'utilisateur, d'utiliser des requêtes préparées et d'éviter de concaténer des valeurs directement dans les requêtes SQL."}}, {"model": "exam.answertext", "pk": 2, "fields": {"answer": 1, "lang": "en", "text": "An SQL injection attack is a technique used by hackers to insert malicious SQL code into a query to manipulate the database. To protect against SQL injection attacks, it is essential to validate and filter user inputs, use prepared statements, and avoid directly concatenating values into SQL queries."}}, {"model": "exam.answertext", "pk": 3, "fields": {"answer": 2, "lang": "fr", "text": "Une attaque par injection SQL est une mesure de sécurité pour renforcer une base de données."}}, {"model": "exam.answertext", "pk": 4, "fields": {"answer": 2, "lang": "en", "text": "An SQL injection attack is a security measure to strengthen a database."}}, {"model": "exam.answertext", "pk": 5, "fields": {"answer": 3, "lang": "fr", "text": "Une attaque par injection SQL est un type d'attaque DDoS."}}, {"model": "exam.answertext", "pk": 6, "fields": {"answer": 3, "lang": "en", "text": "An SQL injection attack is a type of DDoS attack."}}, {"model": "exam.answertext", "pk": 7, "fields": {"answer": 4, "lang": "fr", "text": "Une attaque par déni de service distribué (DDoS) est une offensive dans laquelle plusieurs machines sont utilisées pour inonder un serveur ou un réseau de trafic, le rendant ainsi indisponible pour les utilisateurs légitimes. Pour se protéger contre les attaques DDoS, il est recommandé d'utiliser un pare-feu robuste, un réseau de distribution de contenu (CDN) et un service anti-DDoS qui peut détecter et filtrer le trafic malveillant."}}, {"model": "exam.answertext", "pk": 8, "fields": {"answer": 4, "lang": "en", "text": "A Distributed Denial of Service (DDoS) attack is an offensive in which multiple machines are used to flood a server or network with traffic, making it unavailable for legitimate users. To protect against DDoS attacks, it is recommended to use a robust firewall, a Content Delivery Network (CDN), and an anti-DDoS service that can detect and filter malicious traffic."}}, {"model": "exam.answertext", "pk": 9, "fields": {"answer": 5, "lang": "fr", "text": "Une attaque par déni de service distribué (DDoS) est une mesure de sécurité pour protéger un serveur."}}, {"model": "exam.answertext", "pk": 10, "fields": {"answer": 5, "lang": "en", "text": "A Distributed Denial of Service (DDoS) attack is a security measure to protect a server."}}, {"model": "exam.answertext", "pk": 11, "fields": {"answer": 6, "lang": "fr", "text": "Une attaque par déni de service distribué (DDoS) est un moyen d'améliorer les performances du réseau."}}, {"model": "exam.answertext", "pk": 12, "fields": {"answer": 6, "lang": "en", "text": "A Distributed Denial of Service (DDoS) attack is a way to improve network performance."}}, {"model": "exam.answertext", "pk": 13, "fields": {"answer": 7, "lang": "fr", "text": "Une attaque d'exécution de code à distance (RCE) est une faille de sécurité qui permet à un attaquant d'exécuter du code malveillant à distance sur un système ou un serveur vulnérable. Pour prévenir les attaques RCE, il est crucial de maintenir à jour les logiciels et les systèmes d'exploitation, de limiter les privilèges d'accès et de mettre en œuvre des mécanismes de validation et de désinfection des données d'entrée."}}, {"model": "exam.answertext", "pk": 14, "fields": {"answer": 7, "lang": "en", "text": "A Remote Code Execution (RCE) attack is a security flaw that allows an attacker to execute malicious code remotely on a vulnerable system or server. To prevent RCE attacks, it is crucial to keep software and operating systems up to date, limit access privileges, and implement data input validation and sanitization mechanisms."}}, {"model": "exam.answertext", "pk": 15, "fields": {"answer": 8, "lang": "fr", "text": "Une attaque d'exécution de code à distance (RCE) est une mesure de sécurité pour tester la vulnérabilité d'un système."}}, {"model": "exam.answertext", "pk": 16, "fields": {"answer": 8, "lang": "en", "text": "A Remote Code Execution (RCE) attack is a security measure to test the vulnerability of a system."}}, {"model": "exam.answertext", "pk": 17, "fields": {"answer": 9, "lang": "fr", "text": "Une attaque d'exécution de code à distance (RCE) est une stratégie pour optimiser les performances d'un serveur."}}, {"model": "exam.answertext", "pk": 18, "fields": {"answer": 9, "lang": "en", "text": "A Remote Code Execution (RCE) attack is a strategy to optimize server performance."}}, {"model": "exam.answertext", "pk": 19, "fields": {"answer": 10, "lang": "fr", "text": "Une attaque de type homme du milieu (MITM) est une attaque dans laquelle un attaquant s'insère entre deux parties communicantes pour intercepter et éventuellement modifier les données échangées. Pour empêcher les attaques MITM, il est recommandé d'utiliser des protocoles de communication sécurisés tels que HTTPS, d'éviter de se connecter à des réseaux Wi-Fi non sécurisés, et d'utiliser des certificats numériques pour vérifier l'authenticité des sites web."}}, {"model": "exam.answertext", "pk": 20, "fields": {"answer": 10, "lang": "en", "text": "A Man-in-the-Middle (MITM) attack is an attack in which an attacker inserts themselves between two communicating parties to intercept and potentially modify the exchanged data. To prevent MITM attacks, it is recommended to use secure communication protocols such as HTTPS, avoid connecting to unsecured Wi-Fi networks, and use digital certificates to verify the authenticity of websites."}}, {"model": "exam.answertext", "pk": 21, "fields": {"answer": 11, "lang": "fr", "text": "Une attaque de type homme du milieu (MITM) est une mesure de sécurité pour tester la robustesse d'un réseau."}}, {"model": "exam.answertext", "pk": 22, "fields": {"answer": 11, "lang": "en", "text": "A Man-in-the-Middle (MITM) attack is a security measure to test the resilience of a network."}}, {"model": "exam.answertext", "pk": 23, "fields": {"answer": 12, "lang": "fr", "text": "Une attaque de type homme du milieu (MITM) est une stratégie pour améliorer la vitesse de transmission des données."}}, {"model": "exam.answertext", "pk": 24, "fields": {"answer": 12, "lang": "en", "text": "A Man-in-the-Middle (MITM) attack is a strategy to improve data transmission speed."}}, {"model": "exam.answertext", "pk": 25, "fields": {"answer": 13, "lang": "fr", "text": "Une attaque de force brute est une méthode utilisée par les attaquants pour essayer toutes les combinaisons possibles de mots de passe jusqu'à ce qu'ils trouvent le bon. Pour contrer les attaques de force brute, il est essentiel d'utiliser des mots de passe forts et un mécanisme de verrouillage du compte après plusieurs tentatives infructueuses. L'utilisation de l'authentification à deux facteurs (2FA) peut également renforcer la sécurité en demandant une deuxième forme de vérification avant d'accorder l'accès."}}, {"model": "exam.answertext", "pk": 26, "fields": {"answer": 13, "lang": "en", "text": "A brute-force attack is a method used by attackers to try all possible combinations of passwords until they find the correct one. To counter brute-force attacks, it is essential to use strong passwords and an account lockout mechanism after several unsuccessful attempts. Using Two-Factor Authentication (2FA) can also enhance security by requiring a second form of verification before granting access."}}, {"model": "exam.answertext", "pk": 27, "fields": {"answer": 14, "lang": "fr", "text": "Une attaque de force brute est une mesure de sécurité pour tester la résistance d'un pare-feu."}}, {"model": "exam.answertext", "pk": 28, "fields": {"answer": 14, "lang": "en", "text": "A brute-force attack is a security measure to test the resilience of a firewall."}}, {"model": "exam.answertext", "pk": 29, "fields": {"answer": 15, "lang": "fr", "text": "Une attaque de force brute est une stratégie pour augmenter la vitesse de traitement des données."}}, {"model": "exam.answertext", "pk": 30, "fields": {"answer": 15, "lang": "en", "text": "A brute-force attack is a strategy to increase data processing speed."}}, {"model": "exam.answertext", "pk": 31, "fields": {"answer": 16, "lang": "fr", "text": "Une attaque par hameçonnage ciblé est une forme d'attaque de phishing sophistiquée visant des individus ou des organisations spécifiques pour voler des informations sensibles."}}, {"model": "exam.answertext", "pk": 32, "fields": {"answer": 16, "lang": "en", "text": "A targeted phishing attack is a form of sophisticated phishing attack aimed at specific individuals or organizations to steal sensitive information."}}, {"model": "exam.answertext", "pk": 33, "fields": {"answer": 17, "lang": "fr", "text": "Une attaque par hameçonnage ciblé est une mesure de sécurité pour protéger un réseau informatique."}}, {"model": "exam.answertext", "pk": 34, "fields": {"answer": 17, "lang": "en", "text": "A targeted phishing attack is a security measure to protect a computer network."}}, {"model": "exam.answertext", "pk": 35, "fields": {"answer": 18, "lang": "fr", "text": "Une attaque par hameçonnage ciblé est une action pour augmenter la capacité de stockage d'un ordinateur."}}, {"model": "exam.answertext", "pk": 36, "fields": {"answer": 18, "lang": "en", "text": "A targeted phishing attack is an action to increase computer storage capacity."}}, {"model": "exam.answertext", "pk": 37, "fields": {"answer": 19, "lang": "fr", "text": "Un logiciel espion (spyware) est un type de logiciel malveillant qui surveille et enregistre les activités de l'utilisateur sans son consentement, telles que les frappes au clavier, les sites web visités et les messages envoyés. Pour se protéger contre le spyware, utilisez un bon logiciel de sécurité et évitez de télécharger des logiciels depuis des sources non fiables."}}, {"model": "exam.answertext", "pk": 38, "fields": {"answer": 19, "lang": "en", "text": "Spyware is a type of malicious software that monitors and records the user's activities without their consent, such as keystrokes, visited websites, and sent messages. To protect against spyware, use good security software and avoid downloading software from unreliable sources."}}, {"model": "exam.answertext", "pk": 39, "fields": {"answer": 20, "lang": "fr", "text": "Un logiciel espion (spyware) est un outil légitime utilisé par les entreprises pour surveiller leurs employés."}}, {"model": "exam.answertext", "pk": 40, "fields": {"answer": 20, "lang": "en", "text": "Spyware is a legitimate tool used by companies to monitor their employees."}}, {"model": "exam.answertext", "pk": 41, "fields": {"answer": 21, "lang": "fr", "text": "Un logiciel espion (spyware) est une procédure pour améliorer la vitesse d'Internet."}}, {"model": "exam.answertext", "pk": 42, "fields": {"answer": 21, "lang": "en", "text": "Spyware is a procedure to improve Internet speed."}}, {"model": "exam.answertext", "pk": 43, "fields": {"answer": 22, "lang": "fr", "text": "Une clé de sécurité physique est un dispositif matériel utilisé pour renforcer l'authentification à deux facteurs (2FA). Elle se présente sous la forme d'un petit appareil USB ou NFC qui doit être inséré ou tapé pour valider l'authentification. La clé de sécurité génère un code unique à chaque utilisation, ce qui la rend très difficile à pirater."}}, {"model": "exam.answertext", "pk": 44, "fields": {"answer": 22, "lang": "en", "text": "A physical security key is a hardware device used to enhance Two-Factor Authentication (2FA). It comes in the form of a small USB or NFC device that needs to be inserted or tapped to validate authentication. The security key generates a unique code with each use, making it very difficult to hack."}}, {"model": "exam.answertext", "pk": 45, "fields": {"answer": 23, "lang": "fr", "text": "Une clé de sécurité physique est un type d'attaque par hameçonnage (phishing)."}}, {"model": "exam.answertext", "pk": 46, "fields": {"answer": 23, "lang": "en", "text": "A physical security key is a type of phishing attack."}}, {"model": "exam.answertext", "pk": 47, "fields": {"answer": 24, "lang": "fr", "text": "Une clé de sécurité physique est une méthode pour sauvegarder les données."}}, {"model": "exam.answertext", "pk": 48, "fields": {"answer": 24, "lang": "en", "text": "A physical security key is a method to back up data."}}, {"model": "exam.answertext", "pk": 49, "fields": {"answer": 25, "lang": "fr", "text": "Un réseau privé virtuel (VPN) est un service qui permet de sécuriser votre connexion Internet en chiffrant les données et en vous attribuant une adresse IP anonyme. Il permet également de contourner les restrictions géographiques et d'accéder à des contenus bloqués dans certains pays. L'utilisation d'un VPN est recommandée lorsque vous vous connectez à des réseaux publics ou lorsque vous souhaitez protéger votre vie privée en ligne."}}, {"model": "exam.answertext", "pk": 50, "fields": {"answer": 25, "lang": "en", "text": "A Virtual Private Network (VPN) is a service that secures your internet connection by encrypting data and assigning you an anonymous IP address. It also allows bypassing geographical restrictions and accessing blocked content in some countries. Using a VPN is recommended when connecting to public networks or when you want to protect your online privacy."}}, {"model": "exam.answertext", "pk": 51, "fields": {"answer": 26, "lang": "fr", "text": "Un réseau privé virtuel (VPN) est un outil pour accélérer la vitesse d'Internet."}}, {"model": "exam.answertext", "pk": 52, "fields": {"answer": 26, "lang": "en", "text": "A Virtual Private Network (VPN) is a tool to speed up internet speed."}}, {"model": "exam.answertext", "pk": 53, "fields": {"answer": 27, "lang": "fr", "text": "Un réseau privé virtuel (VPN) est une mesure de sécurité pour protéger votre ordinateur."}}, {"model": "exam.answertext", "pk": 54, "fields": {"answer": 27, "lang": "en", "text": "A Virtual Private Network (VPN) is a security measure to protect your computer."}}, {"model": "exam.answertext", "pk": 55, "fields": {"answer": 28, "lang": "fr", "text": "Une attaque d'ingénierie sociale est une manipulation psychologique utilisée pour tromper les individus et les inciter à divulguer des informations confidentielles ou à effectuer des actions non sécurisées. Pour se protéger contre ce type d'attaque, il est essentiel d'être vigilant face aux demandes inattendues ou urgentes d'informations, de vérifier l'identité des personnes qui demandent des données sensibles, et de suivre les procédures de sécurité établies par votre organisation."}}, {"model": "exam.answertext", "pk": 56, "fields": {"answer": 28, "lang": "en", "text": "A social engineering attack is a psychological manipulation used to deceive individuals into disclosing confidential information or performing insecure actions. To protect against this type of attack, it is essential to be vigilant against unexpected or urgent requests for information, verify the identity of people asking for sensitive data, and follow the security procedures established by your organization."}}, {"model": "exam.answertext", "pk": 57, "fields": {"answer": 29, "lang": "fr", "text": "Une attaque d'ingénierie sociale est un outil pour tester la sécurité d'un réseau informatique."}}, {"model": "exam.answertext", "pk": 58, "fields": {"answer": 29, "lang": "en", "text": "A social engineering attack is a tool to test the security of a computer network."}}, {"model": "exam.answertext", "pk": 59, "fields": {"answer": 30, "lang": "fr", "text": "Une attaque d'ingénierie sociale est une mesure de sécurité pour protéger votre ordinateur."}}, {"model": "exam.answertext", "pk": 60, "fields": {"answer": 30, "lang": "en", "text": "A social engineering attack is a security measure to protect your computer."}}, {"model": "exam.answertext", "pk": 61, "fields": {"answer": 31, "lang": "fr", "text": "Le streaming vidéo est une méthode de diffusion de vidéos en continu sur Internet. Il fonctionne en envoyant des paquets de données depuis un serveur vers l'appareil de l'utilisateur, qui les affiche progressivement en temps réel. Cela permet de regarder des vidéos sans avoir besoin de les télécharger complètement."}}, {"model": "exam.answertext", "pk": 62, "fields": {"answer": 31, "lang": "en", "text": "Video streaming is a method of delivering videos over the internet in real-time. It works by sending data packets from a server to the user's device, which displays them progressively. This allows watching videos without the need to fully download them."}}, {"model": "exam.answertext", "pk": 63, "fields": {"answer": 32, "lang": "fr", "text": "Le streaming vidéo est un logiciel de montage vidéo."}}, {"model": "exam.answertext", "pk": 64, "fields": {"answer": 32, "lang": "en", "text": "Video streaming is video editing software."}}, {"model": "exam.answertext", "pk": 65, "fields": {"answer": 33, "lang": "fr", "text": "Le streaming vidéo est un type de jeu vidéo en ligne."}}, {"model": "exam.answertext", "pk": 66, "fields": {"answer": 33, "lang": "en", "text": "Video streaming is a type of online video game."}}, {"model": "exam.answertext", "pk": 67, "fields": {"answer": 34, "lang": "fr", "text": "Un virus informatique est un programme malveillant conçu pour se propager d'un ordinateur à un autre et causer des dommages en corrompant ou en détruisant des données."}}, {"model": "exam.answertext", "pk": 68, "fields": {"answer": 34, "lang": "en", "text": "A computer virus is a malicious program designed to spread from one computer to another and cause damage by corrupting or destroying data."}}, {"model": "exam.answertext", "pk": 69, "fields": {"answer": 35, "lang": "fr", "text": "Un virus informatique est un outil utilisé par les techniciens pour réparer des ordinateurs."}}, {"model": "exam.answertext", "pk": 70, "fields": {"answer": 35, "lang": "en", "text": "A computer virus is a tool used by technicians to repair computers."}}, {"model": "exam.answertext", "pk": 71, "fields": {"answer": 36, "lang": "fr", "text": "Un virus informatique est un logiciel de sécurité pour protéger votre ordinateur."}}, {"model": "exam.answertext", "pk": 72, "fields": {"answer": 36, "lang": "en", "text": "A computer virus is security software to protect your computer."}}, {"model": "exam.answertext", "pk": 73, "fields": {"answer": 37, "lang": "fr", "text": "Une sauvegarde (backup) est une copie de vos données importantes stockée sur un autre support, comme un disque dur externe ou le cloud, afin de les protéger en cas de perte ou de dommage de votre ordinateur."}}, {"model": "exam.answertext", "pk": 74, "fields": {"answer": 37, "lang": "en", "text": "A backup is a copy of your important data stored on another medium, such as an external hard drive or the cloud, to protect them in case of loss or damage to your computer."}}, {"model": "exam.answertext", "pk": 75, "fields": {"answer": 38, "lang": "fr", "text": "Une sauvegarde (backup) est une mise à jour logicielle pour votre ordinateur."}}, {"model": "exam.answertext", "pk": 76, "fields": {"answer": 38, "lang": "en", "text": "A backup is a software update for your computer."}}, {"model": "exam.answertext", "pk": 77, "fields": {"answer": 39, "lang": "fr", "text": "Une sauvegarde (backup) est un dispositif matériel ou logiciel pour augmenter la puissance de votre ordinateur."}}, {"model": "exam.answertext", "pk": 78, "fields": {"answer": 39, "lang": "en", "text": "A backup is a hardware or software device to increase the power of your computer."}}, {"model": "exam.answertext", "pk": 79, "fields": {"answer": 40, "lang": "fr", "text": "Un logiciel malveillant (malware) est un programme informatique conçu pour endommager ou voler des informations sur votre ordinateur, tel que des virus, des trojans, des ransomwares, etc."}}, {"model": "exam.answertext", "pk": 80, "fields": {"answer": 40, "lang": "en", "text": "Malware is a computer program designed to damage or steal information from your computer, such as viruses, trojans, ransomware, etc."}}, {"model": "exam.answertext", "pk": 81, "fields": {"answer": 41, "lang": "fr", "text": "Un logiciel malveillant (malware) est un outil pour nettoyer votre disque dur."}}, {"model": "exam.answertext", "pk": 82, "fields": {"answer": 41, "lang": "en", "text": "Malware is a tool to clean your hard drive."}}, {"model": "exam.answertext", "pk": 83, "fields": {"answer": 42, "lang": "fr", "text": "Un logiciel malveillant (malware) est un système de sauvegarde pour vos fichiers."}}, {"model": "exam.answertext", "pk": 84, "fields": {"answer": 42, "lang": "en", "text": "Malware is a backup system for your files."}}, {"model": "exam.answertext", "pk": 85, "fields": {"answer": 43, "lang": "fr", "text": "Pour sécuriser un mot de passe, utilisez une combinaison de lettres majuscules et minuscules, des chiffres et des caractères spéciaux. Évitez d'utiliser des informations personnelles évidentes, comme votre nom ou votre date de naissance."}}, {"model": "exam.answertext", "pk": 86, "fields": {"answer": 43, "lang": "en", "text": "To secure a password, use a combination of uppercase and lowercase letters, numbers, and special characters. Avoid using obvious personal information, such as your name or birthdate."}}, {"model": "exam.answertext", "pk": 87, "fields": {"answer": 44, "lang": "fr", "text": "Pour sécuriser un mot de passe, partagez-le avec des amis proches pour qu'ils puissent le sauvegarder."}}, {"model": "exam.answertext", "pk": 88, "fields": {"answer": 44, "lang": "en", "text": "To secure a password, share it with close friends so they can back it up."}}, {"model": "exam.answertext", "pk": 89, "fields": {"answer": 45, "lang": "fr", "text": "Pour sécuriser un mot de passe, écrivez-le sur une note collante et collez-le sur votre ordinateur."}}, {"model": "exam.answertext", "pk": 90, "fields": {"answer": 45, "lang": "en", "text": "To secure a password, write it on a sticky note and stick it on your computer."}}, {"model": "exam.answertext", "pk": 91, "fields": {"answer": 46, "lang": "fr", "text": "Pour protéger votre ordinateur contre les logiciels malveillants, installez un antivirus et un logiciel de sécurité. Gardez votre système d'exploitation et vos applications à jour avec les dernières mises à jour de sécurité."}}, {"model": "exam.answertext", "pk": 92, "fields": {"answer": 46, "lang": "en", "text": "To protect your computer from malware, install antivirus and security software. Keep your operating system and applications up to date with the latest security updates."}}, {"model": "exam.answertext", "pk": 93, "fields": {"answer": 47, "lang": "fr", "text": "Pour protéger votre ordinateur contre les logiciels malveillants, désactivez votre pare-feu."}}, {"model": "exam.answertext", "pk": 94, "fields": {"answer": 47, "lang": "en", "text": "To protect your computer from malware, disable your firewall."}}, {"model": "exam.answertext", "pk": 95, "fields": {"answer": 48, "lang": "fr", "text": "Pour protéger votre ordinateur contre les logiciels malveillants, téléchargez des logiciels depuis des sources non fiables."}}, {"model": "exam.answertext", "pk": 96, "fields": {"answer": 48, "lang": "en", "text": "To protect your computer from malware, download software from unreliable sources."}}, {"model": "exam.answertext", "pk": 97, "fields": {"answer": 49, "lang": "fr", "text": "Il est important de ne pas télécharger des logiciels depuis des sources non fiables car ils pourraient contenir des logiciels malveillants qui infecteraient votre ordinateur."}}, {"model": "exam.answertext", "pk": 98, "fields": {"answer": 49, "lang": "en", "text": "It is important not to download software from unreliable sources as they may contain malware that would infect your computer."}}, {"model": "exam.answertext", "pk": 99, "fields": {"answer": 50, "lang": "fr", "text": "Télécharger des logiciels depuis des sources non fiables est sûr car votre antivirus les protégera."}}, {"model": "exam.answertext", "pk": 100, "fields": {"answer": 50, "lang": "en", "text": "Downloading software from unreliable sources is safe because your antivirus will protect you."}}, {"model": "exam.answertext", "pk": 101, "fields": {"answer": 51, "lang": "fr", "text": "Il est sûr de télécharger des logiciels depuis n'importe quelle source."}}, {"model": "exam.answertext", "pk": 102, "fields": {"answer": 51, "lang": "en", "text": "It is safe to download software from any source."}}, {"model": "exam.answertext", "pk": 103, "fields": {"answer": 52, "lang": "fr", "text": "Il est important de mettre à jour votre système d'exploitation et vos applications régulièrement pour combler les failles de sécurité connues."}}, {"model": "exam.answertext", "pk": 104, "fields": {"answer": 52, "lang": "en", "text": "It is important to regularly update your operating system and applications to patch known security vulnerabilities."}}, {"model": "exam.answertext", "pk": 105, "fields": {"answer": 53, "lang": "fr", "text": "Mettre à jour votre système d'exploitation et vos applications régulièrement n'a aucune importance."}}, {"model": "exam.answertext", "pk": 106, "fields": {"answer": 53, "lang": "en", "text": "Regularly updating your operating system and applications is not important."}}, {"model": "exam.answertext", "pk": 107, "fields": {"answer": 54, "lang": "fr", "text": "Les mises à jour ne sont pas nécessaires car elles peuvent causer des problèmes de compatibilité."}}, {"model": "exam.answertext", "pk": 108, "fields": {"answer": 54, "lang": "en", "text": "Updates are not necessary as they can cause compatibility issues."}}, {"model": "exam.answertext", "pk": 109, "fields": {"answer": 55, "lang": "fr", "text": "Un pare-feu (firewall) est un logiciel ou un dispositif matériel qui surveille et contrôle le trafic réseau entrant et sortant de votre ordinateur, agissant comme une barrière de sécurité contre les menaces potentielles."}}, {"model": "exam.answertext", "pk": 110, "fields": {"answer": 55, "lang": "en", "text": "A firewall is software or a hardware device that monitors and controls incoming and outgoing network traffic on your computer, acting as a security barrier against potential threats."}}, {"model": "exam.answertext", "pk": 111, "fields": {"answer": 56, "lang": "fr", "text": "Un pare-feu (firewall) est un logiciel utilisé pour augmenter la vitesse de connexion Internet."}}, {"model": "exam.answertext", "pk": 112, "fields": {"answer": 56, "lang": "en", "text": "A firewall is software used to increase Internet connection speed."}}, {"model": "exam.answertext", "pk": 113, "fields": {"answer": 57, "lang": "fr", "text": "Un pare-feu (firewall) est un programme qui nettoie votre disque dur."}}, {"model": "exam.answertext", "pk": 114, "fields": {"answer": 57, "lang": "en", "text": "A firewall is a program that cleans your hard drive."}}, {"model": "exam.answertext", "pk": 115, "fields": {"answer": 58, "lang": "fr", "text": "Une attaque de phishing est une tentative de tromper les utilisateurs en se faisant passer pour une entité légitime afin de leur soutirer des informations sensibles, telles que des mots de passe ou des informations financières."}}, {"model": "exam.answertext", "pk": 116, "fields": {"answer": 58, "lang": "en", "text": "A phishing attack is an attempt to deceive users by pretending to be a legitimate entity in order to extract sensitive information from them, such as passwords or financial information."}}, {"model": "exam.answertext", "pk": 117, "fields": {"answer": 59, "lang": "fr", "text": "Une attaque de phishing est une procédure de sécurité pour protéger votre ordinateur."}}, {"model": "exam.answertext", "pk": 118, "fields": {"answer": 59, "lang": "en", "text": "A phishing attack is a security procedure to protect your computer."}}, {"model": "exam.answertext", "pk": 119, "fields": {"answer": 60, "lang": "fr", "text": "Une attaque de phishing est un outil utilisé par les entreprises pour tester la vulnérabilité de leurs systèmes informatiques."}}, {"model": "exam.answertext", "pk": 120, "fields": {"answer": 60, "lang": "en", "text": "A phishing attack is a tool used by companies to test the vulnerability of their computer systems."}}, {"model": "core.lang", "pk": "en", "fields": {"long": "English"}}, {"model": "core.lang", "pk": "fr", "fields": {"long": "Francais"}}]