[{"model": "exam.level", "pk": "basic", "fields": {}}, {"model": "exam.level", "pk": "advanced", "fields": {}}, {"model": "exam.level", "pk": "expert", "fields": {}}, {"model": "core.lang", "pk": "en", "fields": {"long": "English"}}, {"model": "core.lang", "pk": "fr", "fields": {"long": "Francais"}}, {"model": "exam.question", "pk": 1, "fields": {"level": "expert"}}, {"model": "exam.questiontext", "pk": 1, "fields": {"lang": "fr", "text": "Qu'est-ce qu'une attaque par injection SQL et comment s'en prot\u00e9ger ?", "explanation": "L'injection SQL est une vuln\u00e9rabilit\u00e9 courante des applications web qui permet aux attaquants d'interagir avec la base de donn\u00e9es de mani\u00e8re non autoris\u00e9e. En ins\u00e9rant du code SQL malveillant dans les champs de saisie, les pirates peuvent acc\u00e9der, modifier ou supprimer des donn\u00e9es sensibles de la base de donn\u00e9es. Pour se prot\u00e9ger contre cette menace, il est important de valider et de filtrer toutes les entr\u00e9es de l'utilisateur pour \u00e9viter l'ex\u00e9cution de code SQL non d\u00e9sir\u00e9. L'utilisation de requ\u00eates pr\u00e9par\u00e9es (param\u00e9tr\u00e9es) permet \u00e9galement de s\u00e9parer les donn\u00e9es des instructions SQL, rendant l'injection SQL inefficace.", "question": 1}}, {"model": "exam.questiontext", "pk": 2, "fields": {"lang": "en", "text": "What is an SQL injection attack and how to protect against it?", "explanation": "SQL injection is a common vulnerability in web applications that allows attackers to interact with the database in an unauthorized way. By inserting malicious SQL code into input fields, hackers can access, modify, or delete sensitive data from the database. To protect against this threat, it is crucial to validate and filter all user inputs to prevent the execution of unwanted SQL code. Using prepared (parameterized) statements also helps separate data from SQL instructions, making SQL injection ineffective.", "question": 1}}, {"model": "exam.answertext", "pk": 1, "fields": {"answer": 1, "lang": "fr", "text": "Une attaque par injection SQL est une technique utilis\u00e9e par les pirates pour ins\u00e9rer du code SQL malveillant dans une requ\u00eate afin de manipuler la base de donn\u00e9es. Pour se prot\u00e9ger contre les attaques par injection SQL, il est essentiel de valider et de filtrer les entr\u00e9es de l'utilisateur, d'utiliser des requ\u00eates pr\u00e9par\u00e9es et d'\u00e9viter de concat\u00e9ner des valeurs directement dans les requ\u00eates SQL."}}, {"model": "exam.answertext", "pk": 2, "fields": {"answer": 1, "lang": "en", "text": "An SQL injection attack is a technique used by hackers to insert malicious SQL code into a query to manipulate the database. To protect against SQL injection attacks, it is essential to validate and filter user inputs, use prepared statements, and avoid directly concatenating values into SQL queries."}}, {"model": "exam.answer", "pk": 1, "fields": {"question": 1, "point": 2, "count": 0}}, {"model": "exam.answertext", "pk": 3, "fields": {"answer": 2, "lang": "fr", "text": "Une attaque par injection SQL est une mesure de s\u00e9curit\u00e9 pour renforcer une base de donn\u00e9es."}}, {"model": "exam.answertext", "pk": 4, "fields": {"answer": 2, "lang": "en", "text": "An SQL injection attack is a security measure to strengthen a database."}}, {"model": "exam.answer", "pk": 2, "fields": {"question": 1, "point": 0, "count": 0}}, {"model": "exam.answertext", "pk": 5, "fields": {"answer": 3, "lang": "fr", "text": "Une attaque par injection SQL est un type d'attaque DDoS."}}, {"model": "exam.answertext", "pk": 6, "fields": {"answer": 3, "lang": "en", "text": "An SQL injection attack is a type of DDoS attack."}}, {"model": "exam.answer", "pk": 3, "fields": {"question": 1, "point": 0, "count": 0}}, {"model": "exam.question", "pk": 2, "fields": {"level": "expert"}}, {"model": "exam.questiontext", "pk": 3, "fields": {"lang": "fr", "text": "Qu'est-ce qu'une attaque par d\u00e9ni de service distribu\u00e9 (DDoS) et comment s'en pr\u00e9munir ?", "explanation": "Une attaque par d\u00e9ni de service distribu\u00e9 (DDoS) vise \u00e0 submerger un serveur ou un r\u00e9seau avec une quantit\u00e9 massive de trafic, rendant ainsi le service inaccessible aux utilisateurs l\u00e9gitimes. Ces attaques sont g\u00e9n\u00e9ralement men\u00e9es \u00e0 l'aide d'un botnet, qui est un r\u00e9seau de machines compromises contr\u00f4l\u00e9es par les attaquants. Pour se prot\u00e9ger contre les attaques DDoS, il est essentiel de disposer d'une infrastructure r\u00e9seau r\u00e9siliente, capable de g\u00e9rer des volumes \u00e9lev\u00e9s de trafic. Les pare-feu et les services anti-DDoS sont con\u00e7us pour d\u00e9tecter les sch\u00e9mas de trafic malveillant et filtrer le trafic non d\u00e9sir\u00e9.", "question": 2}}, {"model": "exam.questiontext", "pk": 4, "fields": {"lang": "en", "text": "What is a Distributed Denial of Service (DDoS) attack and how to protect against it?", "explanation": "A Distributed Denial of Service (DDoS) attack aims to overwhelm a server or network with a massive amount of traffic, thereby making the service inaccessible to legitimate users. These attacks are typically carried out using a botnet, which is a network of compromised machines controlled by the attackers. To protect against DDoS attacks, it is crucial to have a resilient network infrastructure capable of handling high volumes of traffic. Firewalls and anti-DDoS services are designed to detect malicious traffic patterns and filter unwanted traffic.", "question": 2}}, {"model": "exam.answertext", "pk": 7, "fields": {"answer": 4, "lang": "fr", "text": "Une attaque par d\u00e9ni de service distribu\u00e9 (DDoS) est une offensive dans laquelle plusieurs machines sont utilis\u00e9es pour inonder un serveur ou un r\u00e9seau de trafic, le rendant ainsi indisponible pour les utilisateurs l\u00e9gitimes. Pour se prot\u00e9ger contre les attaques DDoS, il est recommand\u00e9 d'utiliser un pare-feu robuste, un r\u00e9seau de distribution de contenu (CDN) et un service anti-DDoS qui peut d\u00e9tecter et filtrer le trafic malveillant."}}, {"model": "exam.answertext", "pk": 8, "fields": {"answer": 4, "lang": "en", "text": "A Distributed Denial of Service (DDoS) attack is an offensive in which multiple machines are used to flood a server or network with traffic, making it unavailable for legitimate users. To protect against DDoS attacks, it is recommended to use a robust firewall, a Content Delivery Network (CDN), and an anti-DDoS service that can detect and filter malicious traffic."}}, {"model": "exam.answer", "pk": 4, "fields": {"question": 2, "point": 2, "count": 0}}, {"model": "exam.answertext", "pk": 9, "fields": {"answer": 5, "lang": "fr", "text": "Une attaque par d\u00e9ni de service distribu\u00e9 (DDoS) est une mesure de s\u00e9curit\u00e9 pour prot\u00e9ger un serveur."}}, {"model": "exam.answertext", "pk": 10, "fields": {"answer": 5, "lang": "en", "text": "A Distributed Denial of Service (DDoS) attack is a security measure to protect a server."}}, {"model": "exam.answer", "pk": 5, "fields": {"question": 2, "point": 0, "count": 0}}, {"model": "exam.answertext", "pk": 11, "fields": {"answer": 6, "lang": "fr", "text": "Une attaque par d\u00e9ni de service distribu\u00e9 (DDoS) est un moyen d'am\u00e9liorer les performances du r\u00e9seau."}}, {"model": "exam.answertext", "pk": 12, "fields": {"answer": 6, "lang": "en", "text": "A Distributed Denial of Service (DDoS) attack is a way to improve network performance."}}, {"model": "exam.answer", "pk": 6, "fields": {"question": 2, "point": 0, "count": 0}}, {"model": "exam.question", "pk": 3, "fields": {"level": "expert"}}, {"model": "exam.questiontext", "pk": 5, "fields": {"lang": "fr", "text": "Qu'est-ce qu'une attaque d'ex\u00e9cution de code \u00e0 distance (RCE) et comment la pr\u00e9venir ?", "explanation": "Une attaque d'ex\u00e9cution de code \u00e0 distance (RCE) est l'une des vuln\u00e9rabilit\u00e9s les plus graves car elle permet \u00e0 un attaquant de prendre le contr\u00f4le total d'un syst\u00e8me. Les attaques RCE sont souvent le r\u00e9sultat de logiciels malveillants, de failles de s\u00e9curit\u00e9 ou de d\u00e9fauts de programmation qui permettent aux attaquants d'injecter et d'ex\u00e9cuter du code \u00e0 distance. Pour se prot\u00e9ger contre ces attaques, il est essentiel de maintenir \u00e0 jour tous les logiciels et syst\u00e8mes d'exploitation pour combler les failles de s\u00e9curit\u00e9 connues. Limiter les privil\u00e8ges d'acc\u00e8s r\u00e9duit \u00e9galement les risques d'une exploitation r\u00e9ussie.", "question": 3}}, {"model": "exam.questiontext", "pk": 6, "fields": {"lang": "en", "text": "What is a Remote Code Execution (RCE) attack and how to prevent it?", "explanation": "A Remote Code Execution (RCE) attack is one of the most severe vulnerabilities as it allows an attacker to gain full control of a system. RCE attacks are often the result of malware, security flaws, or programming defects that enable attackers to inject and execute code remotely. To protect against these attacks, it is crucial to keep all software and operating systems up to date to patch known security vulnerabilities. Limiting access privileges also reduces the risks of a successful exploitation.", "question": 3}}, {"model": "exam.answertext", "pk": 13, "fields": {"answer": 7, "lang": "fr", "text": "Une attaque d'ex\u00e9cution de code \u00e0 distance (RCE) est une faille de s\u00e9curit\u00e9 qui permet \u00e0 un attaquant d'ex\u00e9cuter du code malveillant \u00e0 distance sur un syst\u00e8me ou un serveur vuln\u00e9rable. Pour pr\u00e9venir les attaques RCE, il est crucial de maintenir \u00e0 jour les logiciels et les syst\u00e8mes d'exploitation, de limiter les privil\u00e8ges d'acc\u00e8s et de mettre en \u0153uvre des m\u00e9canismes de validation et de d\u00e9sinfection des donn\u00e9es d'entr\u00e9e."}}, {"model": "exam.answertext", "pk": 14, "fields": {"answer": 7, "lang": "en", "text": "A Remote Code Execution (RCE) attack is a security flaw that allows an attacker to execute malicious code remotely on a vulnerable system or server. To prevent RCE attacks, it is crucial to keep software and operating systems up to date, limit access privileges, and implement data input validation and sanitization mechanisms."}}, {"model": "exam.answer", "pk": 7, "fields": {"question": 3, "point": 2, "count": 0}}, {"model": "exam.answertext", "pk": 15, "fields": {"answer": 8, "lang": "fr", "text": "Une attaque d'ex\u00e9cution de code \u00e0 distance (RCE) est une mesure de s\u00e9curit\u00e9 pour tester la vuln\u00e9rabilit\u00e9 d'un syst\u00e8me."}}, {"model": "exam.answertext", "pk": 16, "fields": {"answer": 8, "lang": "en", "text": "A Remote Code Execution (RCE) attack is a security measure to test the vulnerability of a system."}}, {"model": "exam.answer", "pk": 8, "fields": {"question": 3, "point": 0, "count": 0}}, {"model": "exam.answertext", "pk": 17, "fields": {"answer": 9, "lang": "fr", "text": "Une attaque d'ex\u00e9cution de code \u00e0 distance (RCE) est une strat\u00e9gie pour optimiser les performances d'un serveur."}}, {"model": "exam.answertext", "pk": 18, "fields": {"answer": 9, "lang": "en", "text": "A Remote Code Execution (RCE) attack is a strategy to optimize server performance."}}, {"model": "exam.answer", "pk": 9, "fields": {"question": 3, "point": 0, "count": 0}}, {"model": "exam.question", "pk": 4, "fields": {"level": "expert"}}, {"model": "exam.questiontext", "pk": 7, "fields": {"lang": "fr", "text": "Qu'est-ce qu'une attaque de type homme du milieu (MITM) et comment l'emp\u00eacher ?", "explanation": "Une attaque de type homme du milieu (MITM) se produit lorsque l'attaquant intercepte la communication entre deux parties l\u00e9gitimes et se fait passer pour l'une d'entre elles. Cela permet \u00e0 l'attaquant de lire, modifier ou bloquer les messages \u00e9chang\u00e9s entre les parties sans qu'elles s'en rendent compte. Les attaques MITM sont souvent lanc\u00e9es sur des r\u00e9seaux Wi-Fi publics non s\u00e9curis\u00e9s ou en exploitant des vuln\u00e9rabilit\u00e9s dans les protocoles de communication. Pour se pr\u00e9munir contre ces attaques, il est essentiel d'utiliser des protocoles de communication chiffr\u00e9s, de v\u00e9rifier l'authenticit\u00e9 des sites web \u00e0 l'aide de certificats num\u00e9riques, et d'\u00e9viter de se connecter \u00e0 des r\u00e9seaux Wi-Fi non s\u00e9curis\u00e9s.", "question": 4}}, {"model": "exam.questiontext", "pk": 8, "fields": {"lang": "en", "text": "What is a Man-in-the-Middle (MITM) attack and how to prevent it?", "explanation": "A Man-in-the-Middle (MITM) attack occurs when the attacker intercepts communication between two legitimate parties and impersonates one of them. This allows the attacker to read, modify, or block messages exchanged between the parties without their knowledge. MITM attacks are often launched on unsecured public Wi-Fi networks or by exploiting vulnerabilities in communication protocols. To prevent these attacks, it is essential to use encrypted communication protocols, verify the authenticity of websites using digital certificates, and avoid connecting to unsecured Wi-Fi networks.", "question": 4}}, {"model": "exam.answertext", "pk": 19, "fields": {"answer": 10, "lang": "fr", "text": "Une attaque de type homme du milieu (MITM) est une attaque dans laquelle un attaquant s'ins\u00e8re entre deux parties communicantes pour intercepter et \u00e9ventuellement modifier les donn\u00e9es \u00e9chang\u00e9es. Pour emp\u00eacher les attaques MITM, il est recommand\u00e9 d'utiliser des protocoles de communication s\u00e9curis\u00e9s tels que HTTPS, d'\u00e9viter de se connecter \u00e0 des r\u00e9seaux Wi-Fi non s\u00e9curis\u00e9s, et d'utiliser des certificats num\u00e9riques pour v\u00e9rifier l'authenticit\u00e9 des sites web."}}, {"model": "exam.answertext", "pk": 20, "fields": {"answer": 10, "lang": "en", "text": "A Man-in-the-Middle (MITM) attack is an attack in which an attacker inserts themselves between two communicating parties to intercept and potentially modify the exchanged data. To prevent MITM attacks, it is recommended to use secure communication protocols such as HTTPS, avoid connecting to unsecured Wi-Fi networks, and use digital certificates to verify the authenticity of websites."}}, {"model": "exam.answer", "pk": 10, "fields": {"question": 4, "point": 2, "count": 0}}, {"model": "exam.answertext", "pk": 21, "fields": {"answer": 11, "lang": "fr", "text": "Une attaque de type homme du milieu (MITM) est une mesure de s\u00e9curit\u00e9 pour tester la robustesse d'un r\u00e9seau."}}, {"model": "exam.answertext", "pk": 22, "fields": {"answer": 11, "lang": "en", "text": "A Man-in-the-Middle (MITM) attack is a security measure to test the resilience of a network."}}, {"model": "exam.answer", "pk": 11, "fields": {"question": 4, "point": 0, "count": 0}}, {"model": "exam.answertext", "pk": 23, "fields": {"answer": 12, "lang": "fr", "text": "Une attaque de type homme du milieu (MITM) est une strat\u00e9gie pour am\u00e9liorer la vitesse de transmission des donn\u00e9es."}}, {"model": "exam.answertext", "pk": 24, "fields": {"answer": 12, "lang": "en", "text": "A Man-in-the-Middle (MITM) attack is a strategy to improve data transmission speed."}}, {"model": "exam.answer", "pk": 12, "fields": {"question": 4, "point": 0, "count": 0}}, {"model": "exam.question", "pk": 5, "fields": {"level": "expert"}}, {"model": "exam.questiontext", "pk": 9, "fields": {"lang": "fr", "text": "Qu'est-ce qu'une attaque de force brute et comment la contrer ?", "explanation": "Une attaque de force brute consiste \u00e0 essayer toutes les combinaisons possibles de mots de passe jusqu'\u00e0 ce que le mot de passe correct soit trouv\u00e9. Les attaquants utilisent souvent des programmes automatis\u00e9s pour g\u00e9n\u00e9rer rapidement des milliers, voire des millions, de combinaisons de mots de passe. Pour contrer cette attaque, il est essentiel d'encourager les utilisateurs \u00e0 choisir des mots de passe forts, c'est-\u00e0-dire longs, complexes et comprenant des caract\u00e8res vari\u00e9s (lettres majuscules et minuscules, chiffres et symboles). De plus, mettre en place un m\u00e9canisme de verrouillage du compte apr\u00e8s un nombre limit\u00e9 de tentatives infructueuses peut d\u00e9courager les attaquants. L'authentification \u00e0 deux facteurs (2FA) renforce \u00e9galement la s\u00e9curit\u00e9 en ajoutant une couche suppl\u00e9mentaire de protection.", "question": 5}}, {"model": "exam.questiontext", "pk": 10, "fields": {"lang": "en", "text": "What is a brute-force attack and how to counter it?", "explanation": "A brute-force attack involves trying all possible combinations of passwords until the correct password is found. Attackers often use automated programs to quickly generate thousands or even millions of password combinations. To counter this attack, it is essential to encourage users to choose strong passwords, meaning passwords that are long, complex, and include various character types (uppercase and lowercase letters, numbers, and symbols). Additionally, implementing an account lockout mechanism after a limited number of unsuccessful attempts can deter attackers. Two-Factor Authentication (2FA) also enhances security by adding an additional layer of protection.", "question": 5}}, {"model": "exam.answertext", "pk": 25, "fields": {"answer": 13, "lang": "fr", "text": "Une attaque de force brute est une m\u00e9thode utilis\u00e9e par les attaquants pour essayer toutes les combinaisons possibles de mots de passe jusqu'\u00e0 ce qu'ils trouvent le bon. Pour contrer les attaques de force brute, il est essentiel d'utiliser des mots de passe forts et un m\u00e9canisme de verrouillage du compte apr\u00e8s plusieurs tentatives infructueuses. L'utilisation de l'authentification \u00e0 deux facteurs (2FA) peut \u00e9galement renforcer la s\u00e9curit\u00e9 en demandant une deuxi\u00e8me forme de v\u00e9rification avant d'accorder l'acc\u00e8s."}}, {"model": "exam.answertext", "pk": 26, "fields": {"answer": 13, "lang": "en", "text": "A brute-force attack is a method used by attackers to try all possible combinations of passwords until they find the correct one. To counter brute-force attacks, it is essential to use strong passwords and an account lockout mechanism after several unsuccessful attempts. Using Two-Factor Authentication (2FA) can also enhance security by requiring a second form of verification before granting access."}}, {"model": "exam.answer", "pk": 13, "fields": {"question": 5, "point": 2, "count": 0}}, {"model": "exam.answertext", "pk": 27, "fields": {"answer": 14, "lang": "fr", "text": "Une attaque de force brute est une mesure de s\u00e9curit\u00e9 pour tester la r\u00e9sistance d'un pare-feu."}}, {"model": "exam.answertext", "pk": 28, "fields": {"answer": 14, "lang": "en", "text": "A brute-force attack is a security measure to test the resilience of a firewall."}}, {"model": "exam.answer", "pk": 14, "fields": {"question": 5, "point": 0, "count": 0}}, {"model": "exam.answertext", "pk": 29, "fields": {"answer": 15, "lang": "fr", "text": "Une attaque de force brute est une strat\u00e9gie pour augmenter la vitesse de traitement des donn\u00e9es."}}, {"model": "exam.answertext", "pk": 30, "fields": {"answer": 15, "lang": "en", "text": "A brute-force attack is a strategy to increase data processing speed."}}, {"model": "exam.answer", "pk": 15, "fields": {"question": 5, "point": 0, "count": 0}}]
